iid,gender,wave,round,match,age,race,imprace,imprelig,goal,date,go_out,career_c,sports,tvsports,exercise,dining,museums,art,hiking,gaming,clubbing,reading,tv,theater,movies,concerts,music,shopping,yoga,match_es
1,0,1,10,0.4,21,4,2,4,2,7,1,1,9,2,8,9,1,1,5,1,5,6,9,1,10,10,9,8,1,4
2,0,1,10,0.2,24,2,2,5,1,5,1,1,3,2,7,10,8,6,3,5,8,10,1,9,8,7,8,3,1,3
3,0,1,10,0,25,2,8,4,6,3,1,7,3,8,7,8,5,5,8,4,5,7,8,7,7,7,5,8,7,
4,0,1,10,0.2,23,2,1,1,1,5,1,1,1,1,6,7,6,7,7,5,7,7,7,9,7,8,7,1,8,2
5,0,1,10,0.2,21,2,8,1,2,4,1,1,7,4,7,7,6,8,6,6,8,6,8,6,6,3,7,8,3,
6,0,1,10,0.2,23,4,1,1,1,3,1,1,10,8,9,7,8,7,9,2,6,9,2,5,6,6,4,1,1,4
7,0,1,10,0.2,22,4,2,4,1,5,1,1,5,3,4,10,10,10,2,3,8,8,8,10,10,10,10,10,10,2
8,0,1,10,0.8,25,2,1,1,1,5,1,6,2,2,1,10,9,9,3,2,10,8,10,9,9,6,6,8,6,
9,0,1,10,0.7,26,6,1,1,1,4,1,9,4,3,1,8,6,7,2,2,10,8,8,10,10,9,9,8,3,1
10,0,1,10,0.2,26,2,4,4,2,6,1,9,9,9,9,7,6,6,7,1,7,8,5,6,7,7,8,7,7,
11,1,1,10,0,27,2,7,3,1,5,4,2,8,7,2,6,7,5,5,5,4,9,2,4,8,7,8,5,1,0
12,1,1,10,0.2,22,2,1,1,1,1,1,1,9,7,9,8,7,6,3,3,5,6,6,4,7,7,9,5,5,3
13,1,1,10,0.4,22,4,3,5,2,7,1,1,7,8,2,9,5,6,4,7,7,6,8,10,8,9,9,8,1,
14,1,1,10,0.8,23,2,1,1,2,4,1,1,10,6,8,8,3,3,10,8,8,6,7,3,10,6,8,6,1,
15,1,1,10,0.3,24,3,3,1,1,4,1,1,9,7,9,7,4,3,6,7,9,8,6,9,9,6,7,2,1,
16,1,1,10,0.2,25,2,9,2,1,5,1,7,7,2,6,7,7,7,5,5,5,8,3,7,8,7,8,6,1,3
17,1,1,10,0.1,30,2,1,1,3,3,2,2,8,2,9,7,7,5,4,2,6,4,2,7,9,7,7,2,2,1
18,1,1,10,0.1,27,2,8,8,1,6,1,7,5,5,5,9,4,3,4,4,2,6,9,3,9,3,6,2,1,2
19,1,1,10,0.9,28,2,1,1,4,1,1,7,10,10,10,10,5,5,6,7,9,8,1,1,7,7,7,7,10,
20,1,1,10,0.1,24,2,1,1,1,1,1,7,10,10,10,10,9,9,4,10,10,8,3,8,8,6,6,5,10,1
21,0,2,16,0,21,4,8,10,6,7,4,10,10,8,10,5,5,5,2,1,3,7,10,4,7,4,8,5,2,0
22,0,2,16,0.125,27,1,1,2,1,6,2,5,1,2,2,8,8,8,1,2,6,8,8,8,9,7,7,8,8,2
23,0,2,16,0.1875,21,4,9,6,1,1,1,3,2,2,3,9,7,6,6,7,7,10,9,10,10,10,10,10,3,3
24,0,2,16,0,27,2,2,3,2,6,4,9,10,1,10,9,6,6,10,6,3,6,1,6,9,8,8,6,7,1
25,0,2,16,0,25,2,10,2,1,5,2,9,7,4,7,7,6,3,5,6,8,9,9,7,10,6,8,8,4,0
26,0,2,16,0,23,2,2,4,1,5,2,9,9,4,9,7,7,4,6,5,7,5,3,9,9,6,4,5,1,0
27,0,2,16,0.125,22,3,1,5,1,6,2,9,7,6,8,8,7,6,8,7,8,8,5,5,5,5,7,7,8,1
29,0,2,16,0.125,22,2,4,5,1,6,1,9,8,9,7,7,7,6,2,2,7,7,7,5,7,6,8,9,5,3
30,0,2,16,0.125,23,2,2,4,1,7,2,1,5,6,8,7,4,4,2,1,7,8,5,7,7,7,9,6,4,1
31,0,2,16,0.25,24,2,4,8,1,4,3,1,3,3,7,10,7,7,7,2,6,6,8,8,8,6,7,10,6,3
32,0,2,16,0,27,4,1,1,1,4,2,2,4,1,5,9,5,5,1,2,4,9,6,6,7,5,8,10,9,0
33,0,2,16,0,30,2,4,8,6,6,1,6,4,6,10,7,8,6,6,8,6,10,10,8,8,6,6,7,9,1
34,0,2,16,0.125,21,4,2,2,1,6,2,7,7,6,6,7,4,4,5,4,7,7,6,9,10,7,7,7,7,2
35,0,2,16,0.3125,25,2,9,7,1,6,3,7,9,7,9,8,8,8,5,6,9,7,9,8,8,7,7,8,3,10
36,0,2,16,0.125,26,2,7,8,2,5,2,4,6,1,4,6,7,7,7,1,3,9,1,9,6,6,7,5,1,0
37,0,2,16,0.125,27,2,5,8,2,6,2,7,6,4,6,10,9,8,7,6,7,5,6,10,7,8,7,4,9,6
38,0,2,16,0.1875,23,1,8,1,1,4,3,1,7,2,7,10,2,2,7,4,7,2,8,8,10,10,10,10,2,3
39,0,2,16,0.0625,24,3,6,4,5,6,4,1,3,2,4,10,10,8,7,1,5,10,9,9,10,9,9,10,1,3
40,1,2,19,0,25,4,9,6,2,7,7,4,4,9,3,7,7,8,5,7,9,7,5,5,8,8,10,4,2,0
41,1,2,19,0,30,4,1,1,2,6,5,1,5,5,6,5,5,5,5,10,5,6,6,6,6,5,5,5,1,
42,1,2,19,0,23,4,1,6,2,7,4,5,1,1,7,5,3,3,3,1,1,9,8,5,7,2,5,2,1,1
43,1,2,19,0.05263157895,24,2,1,1,6,6,3,2,8,9,6,5,7,7,2,5,5,9,6,7,4,6,5,2,1,0
44,1,2,19,0.1578947368,24,2,3,3,1,3,1,2,9,1,8,7,8,8,10,6,7,8,1,7,3,8,1,6,8,3
45,1,2,19,0.2105263158,28,2,6,6,2,6,3,7,9,7,3,6,8,6,6,7,6,6,7,6,7,6,6,6,3,9
46,1,2,19,0.2105263158,26,2,2,3,2,6,2,7,10,7,5,6,7,7,8,3,7,7,4,4,6,5,6,2,7,4
47,1,2,19,0.05263157895,30,2,2,2,1,6,1,2,6,7,2,8,7,6,3,7,4,7,4,5,8,8,7,2,1,5
48,1,2,19,0.05263157895,22,2,9,2,1,5,2,6,3,1,6,7,7,8,1,5,8,4,6,10,10,6,8,6,2,2
49,1,2,19,0.3157894737,25,4,1,3,1,3,2,7,10,7,5,7,6,7,2,8,7,9,5,5,6,5,8,2,7,4
50,1,2,19,0.2105263158,27,1,4,4,6,6,2,1,10,10,3,8,5,3,4,3,10,5,6,8,10,7,10,6,2,5
51,1,2,19,0.05263157895,23,2,5,10,1,5,3,1,6,6,7,3,4,3,6,5,4,5,7,1,6,1,2,2,1,1
52,1,2,19,0.05263157895,21,2,10,9,1,4,1,1,8,5,3,6,3,4,3,3,3,3,7,4,6,3,5,4,2,2
53,1,2,19,0.05263157895,28,2,2,2,2,6,2,4,8,4,3,10,9,8,8,4,4,9,5,7,9,9,9,7,3,8
54,1,2,19,0,28,2,1,1,5,5,1,7,5,2,2,8,7,8,8,1,3,7,1,8,6,9,9,1,3,2
55,1,2,19,0.1578947368,23,1,1,1,6,4,2,1,10,8,4,5,5,4,1,6,10,9,7,5,10,7,10,5,1,2
56,0,3,10,0.2,23,2,10,9,1,3,1,9,2,1,10,10,5,5,2,1,7,6,8,8,7,6,9,10,4,3
57,0,3,10,0.1,22,2,10,10,3,5,2,9,4,4,5,9,9,9,9,1,5,9,9,9,9,9,9,9,9,3
60,0,3,10,0.1,29,6,3,10,4,6,2,6,3,1,9,9,5,5,3,1,5,5,2,10,7,6,9,5,5,2
61,0,3,10,0.2,28,2,1,5,1,5,2,2,1,1,5,10,10,10,5,1,5,10,6,10,10,8,10,8,7,1
62,0,3,10,0.3,26,3,1,1,2,7,2,1,8,5,7,8,6,6,7,7,7,7,3,2,9,7,9,9,2,5
63,0,3,10,0.1,24,4,1,3,3,6,1,10,5,3,8,6,9,8,5,1,2,10,1,8,9,4,5,6,2,
64,0,3,10,0.1,27,4,6,3,2,6,5,9,8,8,8,8,8,8,9,5,3,8,7,8,8,9,9,8,5,4
65,0,3,10,0,23,6,6,3,2,5,3,3,7,5,7,8,8,8,8,8,9,8,8,8,9,8,8,9,6,0
66,1,3,10,0.1,29,3,1,1,2,6,4,7,4,2,3,6,4,3,3,6,4,8,6,4,8,4,6,4,2,3
67,1,3,10,0.2,22,6,1,1,6,5,2,1,9,9,6,7,6,6,4,4,4,6,6,3,9,9,9,2,1,3
68,1,3,10,0,27,1,1,1,5,4,3,6,3,2,2,7,8,8,3,3,7,10,7,5,9,7,7,7,1,
69,1,3,10,0.2,28,2,2,2,6,6,1,7,10,7,5,5,3,2,1,3,9,8,2,4,7,6,7,2,1,1
70,1,3,10,0.1,26,2,5,1,5,2,1,7,9,4,9,5,7,5,7,5,5,8,3,7,8,5,8,5,6,0
71,1,3,10,0.3,21,2,6,7,5,6,2,14,9,10,6,4,3,3,7,6,7,7,8,3,10,6,8,2,1,2
72,1,3,10,0,22,2,8,1,5,6,1,7,8,3,7,10,6,6,7,2,9,5,6,7,7,6,8,8,4,1
73,1,3,10,0,22,2,7,3,6,4,2,7,9,9,7,6,5,4,4,6,6,5,5,5,7,7,6,4,1,0
74,1,3,10,0.2,25,2,3,1,5,7,2,5,8,3,5,9,10,10,9,6,8,10,2,9,10,8,8,3,5,
75,1,3,10,0.2,24,6,3,3,6,5,3,1,8,2,8,7,7,7,7,5,9,8,8,5,7,6,8,5,5,5
76,0,4,18,0.2222222222,34,2,5,7,2,7,2,2,1,7,6,8,8,8,5,1,7,7,4,8,8,8,7,7,7,4
77,0,4,18,0.3333333333,22,2,2,2,1,4,2,11,7,1,10,9,9,9,8,3,6,6,6,8,8,10,10,7,9,
78,0,4,18,0.1666666667,23,3,1,4,2,7,3,11,5,1,7,7,9,5,9,1,3,9,3,9,9,9,7,5,10,1
79,0,4,18,0.1666666667,26,4,8,8,2,7,1,5,2,3,2,10,10,10,2,1,7,4,4,9,9,8,8,3,3,2
80,0,4,18,0.1666666667,27,4,3,1,1,5,4,2,8,3,7,5,5,4,3,1,5,10,9,7,7,7,7,9,2,4
81,0,4,18,0.1666666667,28,2,6,9,5,5,2,6,6,2,7,9,9,7,7,1,7,7,7,9,9,7,7,7,4,2
82,0,4,18,0.2777777778,25,6,2,7,1,3,2,2,5,5,5,8,9,10,9,1,7,8,6,8,8,8,9,6,7,5
83,0,4,18,0.1111111111,35,3,1,5,2,6,1,7,5,1,3,5,7,8,3,1,6,8,3,7,8,7,8,4,7,0
84,0,4,18,0.1111111111,32,3,1,1,2,4,1,4,7,1,9,9,9,9,3,1,9,9,1,9,10,9,9,5,5,2
85,0,4,18,0.05555555556,30,2,3,5,2,6,4,9,2,3,4,9,8,6,8,4,7,8,4,6,7,5,8,5,3,3
86,0,4,18,0.4444444444,22,2,1,1,2,7,1,2,2,2,1,4,7,7,2,1,6,4,7,5,10,10,10,2,2,3
87,0,4,18,0.1111111111,23,2,8,10,1,3,2,9,10,5,10,8,7,7,8,4,9,9,6,7,10,9,10,7,9,
88,0,4,18,0,23,2,8,7,1,4,4,9,8,7,10,7,7,7,8,6,6,10,8,9,10,8,10,9,3,1
89,0,4,18,0.1111111111,27,2,3,2,1,7,3,2,2,2,2,10,8,8,7,8,9,8,1,9,8,8,9,4,2,1
90,0,4,18,0.05555555556,23,4,4,1,2,7,7,10,8,9,6,5,8,9,6,3,1,10,6,7,8,7,6,4,1,2
91,0,4,18,0.4444444444,25,6,6,8,1,3,2,1,4,2,5,7,7,5,7,3,5,7,7,10,8,8,7,6,2,
92,0,4,18,0.3888888889,29,2,1,2,5,6,1,7,7,2,8,10,9,9,9,2,9,10,4,10,10,8,10,6,9,3
93,0,4,18,0.2222222222,29,2,2,2,1,5,1,2,3,2,6,10,7,6,8,7,8,7,5,8,8,6,5,7,6,
94,1,4,18,0.1666666667,28,4,6,8,2,6,3,7,7,2,8,8,5,4,4,3,3,9,5,7,9,6,7,4,5,4
95,1,4,18,0.05555555556,26,2,7,5,1,5,2,7,10,10,6,6,4,3,1,6,4,7,9,5,10,8,10,3,3,2
96,1,4,18,0,26,3,3,6,1,7,1,2,5,8,7,10,10,8,10,6,8,8,3,8,9,8,7,7,3,4
97,1,4,18,0.2777777778,29,2,4,1,2,5,2,2,6,8,8,3,3,3,6,1,5,8,3,2,7,3,7,3,5,
98,1,4,18,0.1111111111,39,2,1,1,4,4,2,2,8,8,8,7,3,3,5,1,7,7,3,7,8,6,8,2,7,5
99,1,4,18,0.4444444444,28,2,1,1,3,3,2,1,5,5,5,8,10,10,5,5,9,6,6,10,10,10,10,8,5,10
100,1,4,18,0.1111111111,30,6,8,9,1,3,2,2,5,4,6,7,6,6,2,2,4,6,5,7,7,3,7,6,2,4
101,1,4,18,0,22,4,3,2,3,4,3,7,9,9,7,9,9,9,8,8,9,8,7,9,8,7,8,8,4,5
102,1,4,18,0.05555555556,32,2,2,6,1,4,4,2,9,9,9,9,4,4,7,2,5,5,4,4,9,3,5,5,2,8
103,1,4,18,0.05555555556,26,2,8,9,2,4,1,7,8,7,8,8,6,4,8,5,8,8,8,5,8,8,8,6,3,3
104,1,4,18,0.2777777778,27,2,6,8,2,5,3,2,8,3,8,9,8,8,9,5,8,7,3,8,7,6,8,3,7,3
105,1,4,18,0.4444444444,25,1,1,1,2,7,1,1,9,9,6,8,5,5,3,4,7,8,6,6,7,4,7,5,5,
106,1,4,18,0.1111111111,22,3,1,3,5,7,3,1,2,4,2,9,6,5,4,9,2,9,8,7,9,2,8,5,3,4
107,1,4,18,0.6111111111,21,2,1,1,1,4,1,2,7,2,4,7,6,7,8,1,7,7,1,5,7,9,9,1,10,
108,1,4,18,0.2222222222,24,2,1,1,1,6,3,5,7,3,4,5,6,7,3,2,5,7,3,7,7,4,6,2,2,3
109,1,4,18,0.4444444444,25,4,1,1,1,4,1,6,2,1,2,10,10,10,1,2,2,10,5,7,10,10,10,5,3,2
110,1,4,18,0.2222222222,28,2,4,6,2,6,1,6,4,3,8,7,7,9,8,2,3,7,5,7,9,7,8,3,6,3
111,1,4,18,0,27,4,7,1,5,5,1,7,9,9,7,9,10,9,9,1,5,9,5,8,9,8,5,3,5,
112,0,5,10,0.6,20,6,1,1,1,3,1,11,8,3,8,5,7,8,8,8,9,9,3,8,8,9,10,4,6,8
113,0,5,10,0.3,21,2,3,8,1,4,1,10,5,3,7,10,9,8,7,2,6,8,7,10,10,9,10,10,7,0
114,0,5,10,0.1,20,1,2,4,2,7,4,10,6,8,3,4,4,3,5,2,6,8,7,6,7,6,9,2,2,3
115,0,5,10,0.3,21,2,10,7,1,5,1,3,2,2,8,7,3,3,1,1,8,10,2,2,6,4,7,8,1,3
116,0,5,10,0.4,21,2,4,1,1,1,1,10,5,4,3,10,10,10,6,4,8,10,10,10,10,10,10,10,8,4
117,0,5,10,0.1,21,2,8,10,1,3,1,7,6,8,6,9,8,6,3,5,8,8,5,6,5,6,5,9,3,1
119,0,5,10,0.5,19,3,5,2,1,3,1,1,8,5,8,9,9,9,5,8,10,9,5,10,9,10,10,7,8,5
120,0,5,10,0.4,20,3,1,4,5,4,3,6,5,4,4,8,7,5,3,1,5,10,6,10,9,6,8,3,5,2
121,0,5,10,0,21,2,8,1,5,7,1,2,2,2,6,10,6,10,6,4,7,7,8,10,10,10,10,10,4,2
122,1,5,10,0.3,22,6,1,1,1,3,1,1,7,9,7,9,7,6,5,6,6,6,8,7,8,8,8,5,4,4
123,1,5,10,0,18,4,3,5,2,5,1,4,9,9,8,8,3,2,5,5,6,2,7,2,7,7,7,7,5,0
124,1,5,10,0,22,4,1,1,2,4,1,1,5,5,8,10,8,8,6,5,8,8,6,9,9,9,8,8,7,6
125,1,5,10,0.7,21,2,3,1,1,3,1,4,3,1,9,10,9,10,1,1,10,9,2,9,9,9,9,10,7,6
126,1,5,10,0.2,22,2,7,5,4,6,3,4,10,8,7,8,8,7,5,2,7,10,5,8,8,9,10,6,7,1
127,1,5,10,0.4,22,2,1,1,6,5,1,6,10,8,8,8,5,3,5,5,6,1,7,1,5,8,7,5,10,7
128,1,5,10,0.6,21,2,3,1,1,3,2,5,8,7,7,6,4,4,8,7,3,5,3,4,8,10,10,2,2,7
129,1,5,10,0.3,20,2,1,1,3,3,3,7,7,4,7,9,4,5,9,2,6,9,4,4,7,6,6,4,6,5
130,1,5,10,0.2,20,4,4,1,1,6,2,10,7,4,9,8,3,2,7,5,7,6,2,1,2,2,9,6,2,2
131,1,5,10,0,19,4,4,1,2,7,3,10,5,1,5,5,5,5,3,6,4,8,7,6,8,7,6,5,3,0
132,0,6,5,0.2,27,2,10,1,1,7,2,7,7,2,10,5,7,7,9,1,1,5,9,5,10,3,10,1,10,0
133,0,6,5,0,24,4,8,6,1,6,5,2,8,7,6,7,10,8,10,4,3,6,4,8,7,10,9,7,6,
134,0,6,5,0.2,23,2,8,10,1,5,3,2,7,4,4,8,9,6,7,8,6,8,5,9,5,7,8,8,8,1
135,0,6,5,0.4,26,2,9,6,1,7,2,2,3,1,1,1,9,9,10,1,7,7,1,8,7,10,10,2,9,2
137,1,6,5,0.2,26,4,1,1,1,4,1,8,6,1,8,8,4,4,1,5,7,4,7,1,9,9,10,8,3,2
138,1,6,5,0.2,32,2,9,6,1,3,2,7,7,2,9,8,6,6,1,7,7,9,9,4,9,2,9,6,2,3
139,1,6,5,0,37,4,6,1,1,6,3,2,7,5,8,10,9,9,6,5,6,10,8,7,10,8,9,7,8,2
140,1,6,5,0.4,29,2,5,5,1,5,2,7,8,6,8,9,5,5,5,5,7,9,6,7,6,4,5,4,3,2
141,1,6,5,0.2,28,3,4,4,1,6,2,7,10,10,3,9,5,5,7,5,7,3,8,9,10,8,9,6,6,2
142,0,7,16,0.4375,24,2,1,4,1,5,2,2,5,6,6,6,5,5,6,14,7,6,6,6,6,6,8,6,6,
143,0,7,16,0,33,2,6,2,2,7,4,1,4,5,6,8,9,9,6,4,8,9,5,7,7,7,7,6,4,3
144,0,7,16,0.0625,23,2,5,2,1,5,2,2,10,7,9,6,6,6,4,3,7,7,5,4,7,9,8,7,4,
145,0,7,16,0,24,2,9,7,2,7,1,2,2,1,2,9,9,5,2,2,1,8,10,10,10,5,8,9,2,2
146,0,7,16,0.0625,36,2,1,7,4,7,1,2,5,2,5,5,8,8,3,1,3,10,8,8,8,5,8,8,3,
147,0,7,16,0.3125,26,4,3,3,5,5,1,7,8,7,8,9,9,9,5,2,8,10,8,9,8,6,6,7,10,7
148,0,7,16,0.0625,27,4,7,4,5,4,1,7,7,4,6,9,9,9,5,2,1,10,10,9,9,5,7,9,7,
149,0,7,16,0.3125,28,2,3,3,1,5,2,2,8,4,5,8,8,8,8,3,6,6,6,5,8,7,10,9,8,5
150,0,7,16,0.125,31,2,3,3,4,5,2,2,5,1,3,5,3,3,9,1,5,7,1,1,7,5,4,2,10,1
151,0,7,16,0.125,28,2,1,2,3,3,1,9,5,1,8,10,9,8,8,4,1,8,1,9,8,9,10,7,7,1
152,0,7,16,0.1875,27,4,2,3,1,4,3,2,4,1,4,8,9,8,5,5,7,10,5,9,10,9,9,7,1,1
153,0,7,16,0.1875,28,4,1,1,2,6,3,2,8,5,7,7,7,6,6,5,7,10,6,7,9,7,7,8,5,4
154,0,7,16,0.4375,27,2,8,3,6,4,1,7,10,7,8,8,6,6,6,1,6,8,7,7,8,6,6,3,2,
155,0,7,16,0.0625,27,2,5,1,2,5,1,9,2,1,10,10,7,8,5,1,1,10,4,10,9,5,7,7,4,0
156,0,7,16,0.25,30,1,1,1,2,6,3,7,3,7,10,10,10,10,8,7,9,10,10,10,10,10,10,7,8,5
157,0,7,16,0.0625,28,4,5,3,1,6,1,7,8,7,8,8,6,6,9,2,9,7,4,6,7,5,6,6,3,2
158,1,7,16,0,23,2,3,4,4,6,2,2,2,4,4,6,7,4,7,7,6,8,6,5,8,4,9,5,1,4
159,1,7,16,0.125,28,2,7,2,1,6,2,2,7,7,6,9,9,8,6,4,5,8,7,7,9,8,9,7,2,3
160,1,7,16,0.1875,29,1,3,4,2,5,2,8,9,8,10,6,6,4,3,4,8,6,3,7,9,6,9,3,2,4
161,1,7,16,0.125,22,2,6,2,2,4,2,10,9,9,9,8,7,6,7,7,9,9,8,6,8,6,9,6,2,
162,1,7,16,0.125,27,4,1,1,2,6,2,4,3,3,3,8,7,7,6,2,8,5,4,3,9,10,10,7,3,2
163,1,7,16,0.1875,26,2,1,1,4,3,3,2,6,2,2,4,8,8,4,1,1,8,1,6,6,4,6,2,1,3
164,1,7,16,0.125,27,2,1,1,1,6,2,2,7,5,5,6,7,7,7,1,3,7,2,5,6,4,6,2,2,3
165,1,7,16,0.1875,30,2,4,7,3,6,3,6,3,1,6,6,7,7,2,1,1,10,8,8,8,5,5,2,2,3
166,1,7,16,0.1875,26,6,1,9,5,5,2,7,5,5,9,4,4,2,5,1,3,9,1,5,8,7,10,1,7,1
167,1,7,16,0.1875,23,2,1,1,2,6,2,2,9,9,8,6,8,8,9,2,5,6,5,6,8,6,7,3,2,4
168,1,7,16,0.0625,23,4,1,1,1,4,2,10,5,5,3,5,5,5,5,3,3,5,3,5,5,5,3,3,3,5
169,1,7,16,0.3125,28,2,2,3,2,6,2,2,10,7,8,9,9,7,7,1,6,4,2,7,6,8,8,4,4,
170,1,7,16,0,28,4,2,1,1,5,3,4,2,1,8,8,8,8,5,3,1,9,8,7,8,6,8,4,5,
171,1,7,16,0.25,29,2,1,1,1,4,2,7,8,2,8,8,5,5,5,2,8,9,6,6,9,4,9,7,1,
172,1,7,16,0.3125,27,2,5,7,1,3,1,7,7,8,7,8,4,5,5,6,8,7,4,6,8,8,7,6,3,
173,1,7,16,0.3125,22,2,5,7,1,4,1,2,10,8,9,6,5,6,7,4,8,7,4,5,6,9,10,3,6,5
174,0,8,10,0.2,29,4,1,1,4,5,3,7,5,4,6,6,8,8,4,4,6,8,4,6,5,9,9,6,5,4
175,0,8,10,0.3,23,6,5,8,2,3,1,7,8,2,6,8,7,7,3,3,6,6,5,6,5,6,9,5,3,
176,0,8,10,0.3,28,4,10,1,2,6,3,7,7,6,5,10,10,9,7,4,4,5,5,8,8,8,8,6,3,4
177,0,8,10,0,22,2,8,3,2,5,2,7,5,9,6,8,6,4,2,3,7,9,7,6,7,3,4,5,1,2
178,0,8,10,0.1,35,4,5,5,2,4,2,4,3,4,7,9,8,8,8,2,9,8,8,8,8,8,9,6,8,4
179,0,8,10,0.1,30,3,5,1,1,6,3,2,5,5,10,10,7,7,5,1,7,10,1,8,8,7,9,10,9,1
180,0,8,10,0.2,24,4,2,2,6,4,2,7,7,7,5,9,5,5,8,5,9,6,7,9,9,7,8,9,7,
181,0,8,10,0.5,22,1,7,8,1,5,5,2,3,6,5,9,9,9,6,3,9,9,9,9,9,9,9,9,6,2
182,0,8,10,0,22,1,7,5,1,4,3,4,5,6,2,8,3,2,1,4,1,7,8,2,6,4,10,8,1,2
183,0,8,10,0.1,24,2,1,1,1,7,3,6,9,6,8,9,8,8,9,9,9,7,8,8,9,9,10,8,1,5
184,1,8,10,0.4,34,2,1,1,2,4,2,7,5,2,4,8,8,7,8,3,8,8,3,9,8,5,6,2,8,2
185,1,8,10,0.1,25,4,3,4,1,7,4,6,8,7,8,8,8,9,6,7,8,9,9,9,9,8,9,9,9,8
186,1,8,10,0.3,24,4,4,3,1,7,3,2,5,1,4,9,5,3,6,1,1,6,7,4,7,8,8,6,3,2
187,1,8,10,0.1,26,2,10,5,2,4,1,7,3,5,10,5,10,10,1,2,1,10,5,8,8,10,10,1,1,
188,1,8,10,0.1,21,2,1,1,2,3,1,2,2,1,5,10,8,8,5,7,5,7,3,5,5,5,7,7,3,0
189,1,8,10,0,27,6,6,1,1,6,2,9,8,7,8,5,7,7,7,7,7,9,5,7,9,7,8,4,7,0
190,1,8,10,0.3,25,2,1,1,2,7,3,9,7,7,8,3,2,2,6,5,9,8,2,4,7,9,10,3,1,5
191,1,8,10,0.2,28,2,6,1,5,4,2,7,8,1,7,8,6,6,6,1,8,7,3,4,8,4,7,1,7,4
192,1,8,10,0.2,24,2,2,7,1,6,2,7,7,5,7,7,3,2,6,8,7,9,6,3,6,7,8,4,5,2
193,1,8,10,0.2,25,4,2,2,1,6,2,1,8,10,7,9,9,8,1,1,4,10,10,10,10,9,9,9,5,2
194,0,9,20,0.05,24,2,9,9,3,3,2,3,8,6,6,9,6,6,4,8,7,9,9,6,9,5,7,9,4,1
195,0,9,20,0.25,27,2,3,9,1,2,1,2,7,6,9,8,5,5,9,9,8,10,1,3,4,3,6,5,1,6
196,0,9,20,0.1,25,4,1,6,1,1,1,2,3,3,6,7,7,7,8,6,8,6,8,9,9,9,9,7,9,
197,0,9,20,0.15,24,6,2,1,1,4,3,7,6,1,4,10,8,8,4,7,5,9,6,5,10,8,10,7,3,7
198,0,9,20,0,23,4,8,5,2,2,3,7,6,8,6,9,8,8,9,5,7,4,9,9,9,9,9,10,4,0
199,0,9,20,0.25,30,2,2,1,4,5,3,2,8,3,10,10,10,10,1,1,7,10,4,7,8,3,5,7,1,
200,0,9,20,0.15,25,2,1,1,1,7,2,9,10,3,9,8,7,7,10,3,6,8,1,8,8,9,10,3,4,
202,0,9,20,0.1,22,2,8,5,2,6,2,2,8,8,9,7,6,4,4,1,6,8,7,7,9,6,7,7,1,3
203,0,9,20,0,22,2,4,10,6,6,2,2,3,1,8,6,4,2,2,1,6,7,10,6,8,3,7,9,2,
204,0,9,20,0,26,2,8,6,3,5,1,7,10,5,9,9,10,10,3,1,9,8,4,5,5,3,8,10,7,2
205,0,9,20,0.1,23,2,5,5,1,7,1,2,8,2,6,8,6,6,7,2,6,9,3,3,8,5,6,3,5,
206,0,9,20,0.4,31,1,2,2,1,5,1,9,5,5,5,9,7,7,7,7,9,9,5,7,7,7,9,5,7,4
207,0,9,20,0.15,23,2,9,5,1,3,1,1,10,8,8,7,5,5,2,3,4,3,7,7,6,5,7,9,6,
208,0,9,20,0.55,25,1,2,1,2,4,3,7,9,7,7,9,10,10,10,5,8,8,5,7,9,10,10,9,8,
209,0,9,20,0,28,1,7,3,3,6,2,7,3,2,6,8,5,5,6,8,8,3,6,7,8,7,10,3,3,0
210,0,9,20,0.15,29,2,10,4,2,6,3,2,9,3,9,8,9,9,9,1,2,9,5,7,7,7,7,5,1,1
211,0,9,20,0.1,28,2,9,1,2,4,1,9,9,8,9,10,9,9,5,8,1,9,9,10,10,9,7,10,7,2
212,0,9,20,0.45,27,3,3,6,1,5,2,7,8,5,8,8,8,8,8,6,9,8,8,8,8,6,7,8,3,7
213,0,9,20,0.1,25,3,9,10,2,4,2,7,8,7,9,8,8,7,6,7,7,8,7,10,10,8,9,8,5,
214,1,9,20,0.1,23,2,6,8,1,6,2,2,9,3,10,8,6,7,7,4,7,3,1,9,6,4,6,7,1,
215,1,9,20,0.25,26,4,3,1,1,4,1,7,8,6,9,9,6,4,2,7,6,9,5,2,9,2,7,9,2,
216,1,9,20,0,27,2,7,1,2,5,3,7,2,1,2,7,7,5,3,5,1,13,6,6,7,6,5,2,1,
217,1,9,20,0.4,26,2,8,1,5,4,2,2,1,2,8,7,8,8,10,1,2,10,4,8,6,10,10,1,7,
218,1,9,20,0.05,24,2,9,5,1,4,2,2,9,3,5,7,9,10,7,3,7,5,1,5,7,8,8,6,1,
219,1,9,20,0.3,26,2,1,1,1,3,2,7,8,2,7,7,7,8,3,3,6,7,2,6,7,7,10,3,10,
220,1,9,20,0.15,25,6,1,1,1,5,2,6,9,9,5,10,9,10,10,6,8,10,2,5,5,5,9,5,5,18
221,1,9,20,0.25,27,4,6,1,2,6,3,7,5,6,3,7,6,3,4,3,7,8,7,8,8,4,4,4,1,
222,1,9,20,0,27,2,8,3,2,6,3,2,5,1,6,8,10,9,6,4,7,9,1,9,9,10,8,3,1,
223,1,9,20,0.05,28,2,6,6,2,4,2,2,8,7,6,6,8,7,6,7,8,9,6,5,10,6,7,5,2,
224,1,9,20,0.2,32,2,1,3,6,7,4,15,6,4,4,7,5,5,5,6,8,10,1,8,9,2,4,1,8,
225,1,9,20,0.1,28,3,4,9,1,7,2,7,10,8,3,8,8,8,7,3,9,8,8,9,7,9,9,2,6,
226,1,9,20,0.2,23,2,1,3,2,3,1,6,10,7,8,6,7,7,3,2,8,4,5,6,7,4,9,2,4,4
227,1,9,20,0.15,26,2,7,7,2,6,3,7,7,7,7,10,9,7,2,6,5,10,8,8,9,5,7,5,1,
228,1,9,20,0.05,24,4,1,4,3,7,3,2,3,1,2,8,4,5,8,4,6,9,2,4,7,8,9,2,8,3
229,1,9,20,0.2,28,2,7,1,1,6,3,7,8,5,7,7,1,1,5,3,3,8,5,1,5,2,6,1,1,6
230,1,9,20,0.2,42,2,5,1,2,7,3,7,1,1,2,1,10,10,10,1,1,10,10,10,10,5,10,10,6,1
231,1,9,20,0.15,30,3,1,1,1,6,3,9,5,2,7,9,9,6,8,1,9,9,1,8,9,9,10,1,7,
232,1,9,20,0.05,31,2,4,7,2,5,4,9,5,5,9,8,7,8,9,3,8,7,4,6,8,7,7,3,5,
233,1,9,20,0.25,29,4,1,1,1,3,2,7,10,9,8,10,8,8,7,9,8,5,10,8,10,10,10,8,6,5
234,0,10,9,0,22,6,1,5,3,7,3,2,5,3,10,10,9,5,2,1,4,9,5,6,5,5,9,7,4,1
235,0,10,9,0.2222222222,23,2,3,1,1,4,3,2,1,3,3,10,9,10,2,1,7,7,1,9,9,6,10,10,7,1
236,0,10,9,0,24,4,3,3,2,7,1,2,9,6,3,7,9,9,7,1,8,7,5,4,7,4,10,4,2,4
237,0,10,9,0.1111111111,34,2,10,1,3,7,4,6,1,1,10,7,8,9,9,1,1,10,6,8,6,2,9,2,10,0
238,0,10,9,0.2222222222,27,2,3,5,1,2,1,6,8,5,8,8,10,10,8,2,8,7,5,9,9,10,10,7,6,2
239,0,10,9,0.1111111111,34,2,6,6,2,6,3,7,3,3,5,8,8,7,8,1,6,9,6,8,8,6,7,1,8,1
240,0,10,9,0.1111111111,26,4,1,1,1,6,3,6,10,10,9,10,10,8,9,14,9,10,10,10,10,10,10,10,3,1
241,0,10,9,0.3333333333,29,4,1,1,2,4,2,7,8,1,5,7,7,7,4,1,3,4,1,3,4,6,7,6,3,2
242,0,10,9,0.4444444444,26,3,3,3,3,7,3,2,6,5,5,8,10,10,9,4,9,10,1,9,10,10,10,1,8,3
243,1,10,9,0.3333333333,27,2,2,3,2,6,2,2,7,2,7,9,5,8,5,7,3,9,5,5,9,8,8,6,2,3
244,1,10,9,0.1111111111,28,2,8,9,2,5,3,7,5,2,10,8,6,4,9,1,3,13,9,8,9,3,4,3,1,1
245,1,10,9,0.1111111111,32,2,1,6,4,5,2,1,3,1,2,6,7,8,4,8,6,9,2,7,8,6,6,1,6,2
246,1,10,9,0.1111111111,25,2,7,1,1,7,6,2,6,5,5,7,5,5,3,2,6,8,8,9,9,8,9,5,2,5
247,1,10,9,0,25,4,1,1,1,6,4,2,5,4,7,1,3,2,9,4,2,5,3,3,3,3,3,2,6,5
248,1,10,9,0.3333333333,27,6,1,1,1,4,1,7,7,1,8,7,5,1,8,6,8,6,3,7,7,4,7,6,1,2
249,1,10,9,0,33,6,2,7,2,3,1,7,7,9,1,10,8,6,1,1,6,10,7,3,8,8,5,4,1,4
250,1,10,9,0.5555555556,25,6,1,1,4,2,1,2,7,2,8,10,10,10,6,1,2,10,1,9,9,10,10,6,5,5
251,1,10,9,0.1111111111,33,6,2,2,6,4,1,10,7,6,1,6,8,8,5,8,4,9,7,6,9,6,8,2,3,1
252,0,11,21,0.09523809524,28,3,1,1,1,6,2,2,4,3,3,8,7,6,7,4,9,9,2,9,9,9,9,9,2,2
253,0,11,21,0.09523809524,33,4,1,1,2,6,6,2,5,3,5,8,10,10,6,1,6,10,7,7,10,7,7,7,3,8
254,0,11,21,0,22,2,8,3,2,6,2,2,8,2,6,10,9,9,8,1,7,9,8,9,9,7,7,7,8,2
255,0,11,21,0,26,4,3,1,1,7,3,4,6,8,9,6,6,6,4,2,5,6,4,7,7,8,8,9,1,0
256,0,11,21,0.1428571429,24,4,6,5,2,6,4,4,5,3,6,7,6,5,6,5,5,5,8,6,8,8,8,9,3,2
257,0,11,21,0,24,2,5,6,2,5,1,2,7,1,6,9,10,10,10,3,4,10,2,5,10,10,10,4,10,0
258,0,11,21,0.3333333333,25,6,1,10,1,6,1,2,9,6,7,7,8,3,10,4,1,10,3,8,5,2,6,6,2,5
259,0,11,21,0.04761904762,25,2,2,2,2,7,1,2,8,3,7,8,7,7,4,2,7,8,6,7,7,5,7,5,6,2
260,0,11,21,0.2857142857,27,4,4,4,2,7,3,2,9,6,7,9,5,5,6,2,3,9,6,7,7,9,9,5,3,4
261,0,11,21,0.2380952381,26,4,1,4,1,7,2,2,6,4,3,9,9,8,3,5,8,9,2,9,9,9,9,4,6,4
262,0,11,21,0,29,2,1,10,6,6,3,10,9,9,8,7,7,3,7,1,3,10,4,1,7,5,8,1,1,1
263,0,11,21,0.2857142857,26,1,9,10,1,6,2,10,1,1,1,5,7,7,7,1,3,9,4,7,7,7,8,9,6,2
264,0,11,21,0.1904761905,26,2,1,3,1,6,2,2,7,1,7,5,7,8,6,1,5,9,7,4,8,2,6,2,1,2
265,0,11,21,0.04761904762,32,2,3,3,4,5,2,2,2,9,8,8,7,8,2,1,2,10,6,7,10,8,9,2,1,0
266,0,11,21,0.1904761905,28,2,2,2,2,7,3,10,5,4,5,4,7,8,8,1,6,5,1,4,10,6,7,2,6,4
267,0,11,21,0,26,4,2,2,1,3,3,4,4,8,5,9,7,6,4,7,8,3,9,5,9,4,9,10,2,0
268,0,11,21,0.4761904762,24,3,1,1,5,6,1,4,8,6,6,5,4,3,6,5,5,8,4,5,5,4,4,4,4,5
269,0,11,21,0.2857142857,24,2,4,5,2,6,2,2,4,1,8,8,8,10,7,3,1,10,3,6,6,6,9,4,2,1
270,0,11,21,0.2380952381,23,4,2,4,2,5,1,2,8,4,6,9,8,7,8,4,6,9,2,7,5,6,7,6,4,6
271,0,11,21,0.09523809524,23,2,10,9,2,4,1,11,8,7,10,9,10,10,5,5,6,7,7,9,9,9,8,9,5,2
272,0,11,21,0,25,2,10,10,2,4,1,11,6,7,10,10,9,8,7,6,8,9,9,9,9,9,10,9,8,2
273,1,11,21,0.04761904762,29,2,8,4,2,5,2,2,6,1,5,7,7,4,8,1,3,2,5,7,8,8,8,3,2,2
274,1,11,21,0.2857142857,24,3,3,3,3,4,2,2,3,3,4,7,6,5,4,5,1,10,7,6,8,9,10,8,7,4
275,1,11,21,0.04761904762,21,2,1,1,2,4,3,7,9,1,10,6,7,7,4,6,5,10,1,9,7,7,9,5,9,8
276,1,11,21,0.2380952381,26,2,7,3,2,4,1,2,6,2,8,9,8,9,2,3,6,9,1,4,7,6,7,2,2,9
277,1,11,21,0.2380952381,25,2,1,1,1,7,5,2,10,6,10,5,8,8,10,5,3,8,2,7,8,6,6,1,2,2
278,1,11,21,0,32,2,1,1,1,3,1,2,8,1,5,9,9,9,9,5,8,9,5,7,9,9,9,5,1,3
279,1,11,21,0.2380952381,25,2,7,1,3,4,2,2,7,1,6,5,2,3,5,3,4,9,6,3,8,1,2,1,1,4
280,1,11,21,0.2380952381,25,2,2,1,3,6,2,2,8,1,5,5,6,5,5,4,2,10,2,7,10,7,8,2,2,1
281,1,11,21,0.09523809524,27,2,2,5,6,5,5,2,4,4,2,4,7,5,8,1,2,6,2,6,8,7,5,3,9,3
282,1,11,21,0.3333333333,23,1,1,1,1,4,3,7,10,10,10,5,4,4,4,7,8,9,5,7,7,7,10,5,1,10
283,1,11,21,0.09523809524,27,4,1,1,1,4,2,7,9,6,6,6,4,4,8,6,6,8,1,5,3,3,7,2,7,1
284,1,11,21,0.04761904762,27,2,1,5,1,5,2,6,9,2,5,7,7,9,8,1,5,9,5,5,9,8,9,8,5,2
285,1,11,21,0.09523809524,24,6,1,1,4,6,6,7,5,7,6,10,9,10,9,14,5,9,7,3,10,10,10,10,10,5
286,1,11,21,0,22,2,4,7,1,6,3,2,7,3,4,3,8,7,9,9,4,8,6,8,7,8,6,3,8,3
287,1,11,21,0,22,4,1,1,1,7,3,6,2,1,5,7,2,2,9,6,4,10,8,8,10,8,8,8,8,9
288,1,11,21,0.1904761905,27,2,3,5,1,6,3,2,9,5,3,8,5,5,6,4,4,9,2,6,7,5,7,2,2,1
289,1,11,21,0.2380952381,28,4,1,2,1,4,1,7,10,6,1,7,3,6,10,5,3,10,6,5,7,6,8,2,1,2
290,1,11,21,0.09523809524,34,2,2,6,2,5,2,2,7,1,8,7,7,4,3,2,1,10,1,3,5,9,10,2,5,2
291,1,11,21,0.2380952381,27,4,5,5,1,3,2,4,9,7,7,7,7,7,5,6,5,7,5,6,7,5,8,5,5,5
292,1,11,21,0.1904761905,28,1,7,1,1,2,1,7,10,5,8,8,7,5,10,7,9,7,4,7,9,5,10,1,1,6
293,1,11,21,0.09523809524,28,3,3,7,2,5,2,7,6,9,7,10,8,7,6,6,8,9,6,9,9,8,8,6,4,3
322,0,13,9,0.2222222222,34,4,2,1,2,2,2,2,8,7,7,6,6,6,9,3,6,7,2,8,8,8,8,3,1,2
323,0,13,9,0.3333333333,25,4,1,1,2,4,3,2,5,7,7,7,8,7,7,6,6,7,8,9,9,8,8,8,6,2
324,0,13,9,0.4444444444,23,2,8,3,1,4,2,3,8,8,6,10,8,8,9,6,9,7,8,10,8,10,10,7,7,0
325,0,13,9,0.3333333333,30,3,2,4,2,6,2,3,5,7,9,9,9,9,7,7,7,9,7,9,9,9,9,4,6,2
326,0,13,9,0.2222222222,36,1,5,5,2,6,4,2,2,2,3,8,8,8,2,2,6,9,6,10,8,10,10,10,8,5
327,0,13,9,0,29,2,2,7,2,6,3,7,1,1,5,10,8,7,7,1,6,10,1,9,8,9,9,1,5,0
328,0,13,9,0.1111111111,30,2,1,1,2,3,1,2,8,3,10,10,10,10,10,1,5,10,7,10,10,10,10,5,10,2
329,0,13,9,0,29,2,1,1,6,6,2,2,3,2,7,7,10,10,3,1,4,10,2,10,7,6,8,2,1,1
330,0,13,9,0.1111111111,22,4,3,3,1,7,3,10,8,7,7,8,5,5,2,2,9,5,7,2,8,4,9,5,2,2
331,0,13,9,0,34,2,1,1,1,6,3,2,4,7,4,6,7,7,10,2,1,9,3,7,7,9,9,4,10,2
332,1,13,10,0.2,30,4,1,1,3,7,4,2,7,2,8,5,10,10,7,3,7,9,5,8,10,5,9,7,1,3
333,1,13,10,0.2,23,2,5,3,1,3,1,7,10,5,10,7,3,1,10,5,3,8,2,4,8,2,4,3,6,2
334,1,13,10,0,29,4,1,1,1,5,3,4,9,4,9,9,8,8,5,6,8,5,5,6,6,3,5,8,5,1
335,1,13,10,0.1,24,2,1,8,1,3,3,2,9,1,9,4,7,7,4,1,4,8,6,5,4,3,8,5,7,1
336,1,13,10,0.1,25,3,1,5,1,5,2,17,5,4,4,5,8,10,4,1,1,9,4,6,10,10,10,3,4,0
337,1,13,10,0.3,28,2,1,1,1,5,3,5,9,9,8,8,8,7,5,4,6,7,5,7,8,7,6,4,4,5
338,1,13,10,0.2,27,6,1,1,1,4,2,7,4,2,7,6,8,8,8,6,6,8,4,10,10,7,7,5,10,4
341,0,14,18,0.1666666667,23,4,3,10,1,6,1,10,1,2,1,10,9,9,8,1,6,10,10,10,10,10,10,9,10,10
342,0,14,18,0.05555555556,33,3,2,1,1,6,3,2,3,4,4,10,9,10,1,1,8,7,10,8,10,1,4,10,4,6
343,0,14,18,0.1111111111,32,2,5,6,3,2,1,4,6,3,3,10,10,10,8,2,3,5,4,8,9,9,9,9,7,2
344,0,14,18,0.2222222222,26,3,1,3,3,4,3,9,9,7,5,6,7,6,4,3,9,4,4,9,9,9,9,9,5,9
345,0,14,18,0.2222222222,24,2,7,6,2,7,4,4,5,1,10,6,5,5,3,4,8,9,6,7,7,8,9,6,9,2
347,0,14,18,0,26,1,1,1,5,6,1,13,1,1,2,10,3,3,1,1,8,2,5,3,8,1,7,10,1,2
348,0,14,18,0.05555555556,21,4,3,3,2,6,1,2,3,5,1,10,10,10,2,1,9,10,7,10,7,7,7,10,5,3
349,0,14,18,0.4444444444,33,2,1,7,1,4,2,7,2,3,10,8,7,8,7,1,6,7,4,8,8,8,9,6,7,5
350,0,14,18,0.1666666667,31,2,9,5,2,7,3,4,9,2,10,9,8,8,8,7,7,9,9,9,9,9,9,5,7,2
351,0,14,18,0.2777777778,35,4,1,3,2,5,4,2,5,2,5,10,10,10,7,2,3,10,3,10,10,10,10,5,5,
352,0,14,18,0.1666666667,29,6,6,6,2,4,3,6,8,5,10,10,10,10,8,4,5,5,8,9,9,10,10,7,7,5
353,0,14,18,0.05555555556,25,4,7,7,1,2,1,2,3,4,5,8,9,9,8,8,5,6,4,9,9,8,9,8,5,5
354,0,14,18,0.4444444444,22,2,9,8,1,6,1,3,10,10,10,10,8,8,1,1,1,8,10,10,10,10,10,10,6,12
355,0,14,18,0.05555555556,24,2,10,2,1,4,3,3,9,1,7,8,7,7,7,1,9,9,2,9,9,9,9,9,2,2
356,0,14,18,0.05555555556,27,2,2,4,1,7,2,3,10,9,8,10,8,5,7,1,5,8,9,8,9,7,10,5,6,1
357,0,14,18,0.1666666667,27,4,10,10,1,4,2,2,2,6,10,10,10,10,8,1,7,10,6,10,8,7,7,8,1,1
358,0,14,18,0.1111111111,26,4,1,1,1,5,3,7,6,2,7,10,4,5,2,4,9,9,6,5,8,4,5,7,3,2
359,0,14,18,0.1666666667,26,2,1,5,2,6,3,9,2,1,1,7,2,2,6,8,1,10,3,7,8,8,8,1,4,2
360,0,14,18,0.2222222222,24,6,8,4,2,6,2,3,9,7,6,9,7,8,9,9,1,7,6,7,7,10,10,7,8,3
361,1,14,20,0.05,34,2,5,5,2,6,6,1,3,1,3,5,9,10,3,3,4,10,6,8,9,7,7,3,2,4
362,1,14,20,0.25,30,2,1,1,1,4,3,1,8,2,1,9,6,6,6,4,7,6,4,6,6,6,6,7,2,7
363,1,14,20,0.1,23,4,1,1,3,6,2,7,3,3,9,10,4,5,8,6,9,7,5,5,8,7,5,8,5,4
364,1,14,20,0.3,27,3,6,2,3,4,2,7,9,7,9,9,4,3,3,5,1,9,5,4,7,5,6,8,1,5
365,1,14,20,0.05,30,2,1,1,1,2,1,10,7,3,3,9,9,10,8,4,8,8,1,5,7,9,10,5,5,5
366,1,14,20,0.5,27,2,4,6,1,4,1,6,6,6,4,8,9,9,7,6,8,9,4,6,7,10,10,8,6,5
367,1,14,20,0.2,27,2,6,3,3,4,1,13,6,7,8,8,5,5,3,4,8,5,6,3,3,7,8,7,2,3
368,1,14,20,0.3,24,6,1,1,1,4,2,6,4,6,4,8,9,7,3,8,9,9,9,7,9,8,9,8,4,3
369,1,14,20,0.4,25,2,1,8,2,5,3,3,2,6,2,6,7,7,7,1,1,10,3,7,5,6,8,1,1,5
370,1,14,20,0.05,28,2,7,4,3,4,1,7,7,8,7,7,6,6,3,1,6,7,2,2,2,5,9,4,1,2
371,1,14,20,0.2,27,2,3,1,5,7,1,9,10,7,7,3,3,3,3,3,3,4,5,3,6,10,10,1,7,7
372,1,14,20,0.15,27,2,9,7,2,5,2,10,9,10,8,9,9,9,7,4,2,9,6,8,6,7,7,4,2,3
373,1,14,20,0.2,29,3,3,1,2,5,2,7,7,5,8,8,7,6,3,5,9,8,2,3,4,5,9,8,2,3
374,1,14,20,0.05,30,4,6,6,2,4,2,7,10,10,8,7,8,8,5,5,6,5,6,9,10,9,8,4,4,2
375,1,14,20,0.15,27,2,3,2,1,3,1,1,9,8,5,8,4,4,2,2,7,5,6,5,6,3,6,7,3,6
376,1,14,20,0.1,25,4,10,7,2,5,2,10,4,1,4,10,5,6,7,7,3,3,9,7,9,5,6,9,5,1
377,1,14,20,0.05,26,4,3,2,1,5,1,7,7,9,6,6,3,3,1,7,8,6,8,5,8,7,8,6,2,2
378,1,14,20,0.05,29,2,3,2,6,5,2,7,9,5,10,5,4,4,2,1,8,7,3,3,8,5,8,5,2,3
379,0,15,19,0.1052631579,38,2,4,6,2,7,2,7,4,4,6,7,8,8,7,2,2,6,7,7,9,6,6,3,5,1
380,0,15,19,0.1052631579,33,1,4,8,2,7,4,6,7,8,8,8,5,5,3,1,5,5,7,7,10,9,9,9,9,5
381,0,15,19,0.1052631579,24,2,6,3,5,4,1,6,5,5,5,7,8,8,6,5,6,9,6,4,8,7,8,8,7,3
382,0,15,19,0.2105263158,28,2,8,1,2,7,3,6,6,5,10,10,9,9,6,8,3,8,10,8,10,9,9,9,1,3
383,0,15,19,0.2105263158,27,2,10,5,3,6,2,7,9,7,9,9,8,8,5,1,5,6,9,4,9,8,7,7,4,2
384,0,15,19,0.3684210526,23,2,9,6,2,5,3,10,8,5,7,9,10,10,3,3,7,6,7,10,10,5,6,6,3,10
385,0,15,19,0.3684210526,25,2,5,8,2,5,3,2,7,5,8,10,10,10,10,6,8,9,6,10,10,8,10,9,8,
386,0,15,19,0.1052631579,26,2,4,2,2,7,2,3,1,3,5,8,7,7,2,5,7,8,8,9,9,8,8,8,3,4
387,0,15,19,0.4210526316,25,2,5,2,2,7,2,3,5,5,8,8,6,6,4,3,8,7,7,8,8,7,7,8,2,8
388,0,15,19,0.05263157895,24,2,1,6,2,4,2,3,7,4,8,7,3,3,5,3,4,7,6,6,7,6,6,6,4,1.5
389,0,15,19,0.4210526316,21,2,1,1,2,3,1,1,7,8,5,8,7,7,10,2,1,10,7,8,8,10,10,7,8,7
390,0,15,19,0.1578947368,30,4,1,10,6,4,3,2,6,1,6,10,6,6,8,1,4,10,6,8,8,8,8,4,6,10
391,0,15,19,0.05263157895,28,2,1,5,1,4,1,6,8,1,6,8,6,7,9,1,9,9,1,3,5,5,5,4,2,1
392,0,15,19,0.1052631579,26,2,6,1,5,4,3,6,4,3,3,9,10,9,9,1,3,10,6,8,10,5,10,7,7,2
393,0,15,19,0.2631578947,22,2,4,8,1,7,1,6,3,2,3,5,9,9,4,3,4,9,6,7,8,7,7,5,4,2.5
394,0,15,19,0.05263157895,24,2,1,6,2,4,2,6,3,1,4,9,8,8,10,1,1,10,6,9,9,8,7,7,2,2.5
395,0,15,19,0.1052631579,33,2,1,2,3,4,2,6,3,4,4,10,8,8,6,1,8,9,3,10,10,7,9,7,8,5
396,0,15,19,0.1052631579,25,4,1,5,2,7,2,6,3,8,7,10,10,10,7,7,7,10,9,10,10,10,10,7,7,3
397,1,15,18,0.1666666667,24,2,3,2,2,5,2,1,9,8,8,6,7,7,6,2,6,7,5,7,8,4,7,5,1,7
398,1,15,18,0.3333333333,29,2,7,2,2,3,1,7,4,1,2,10,7,7,9,9,8,7,7,7,9,6,5,6,2,3
399,1,15,18,0.05555555556,29,2,1,1,2,4,2,7,9,2,9,9,9,9,7,3,5,9,1,6,7,8,10,3,8,
400,1,15,18,0.3333333333,26,2,7,7,5,4,2,7,7,4,7,7,6,6,6,1,8,7,1,7,7,6,7,1,1,8
401,1,15,18,0.05555555556,31,2,1,1,2,4,1,7,10,1,4,8,8,8,8,2,5,5,1,8,8,10,10,7,3,6
402,1,15,18,0.05555555556,29,4,1,1,3,4,2,7,10,2,6,9,6,6,9,7,4,3,3,5,8,4,4,6,9,1
403,1,15,18,0.05555555556,22,2,6,6,5,5,3,7,9,8,3,7,4,3,5,3,3,5,6,5,8,3,6,2,1,3
404,1,15,18,0.5,23,2,1,4,2,5,2,7,10,5,8,10,8,8,9,7,9,8,4,5,8,7,8,6,3,6
405,1,15,18,0,30,1,1,1,4,5,5,9,6,1,6,9,8,9,2,6,8,8,6,10,9,7,9,9,5,1
406,1,15,18,0.2777777778,27,4,1,1,1,6,2,7,4,6,8,9,6,7,8,6,6,7,7,8,9,7,10,2,1,2
407,1,15,18,0.1111111111,24,2,1,1,3,4,2,6,8,4,7,9,9,9,7,4,2,9,5,7,10,9,9,7,7,5
408,1,15,18,0.2777777778,24,3,1,1,2,7,1,9,7,7,9,8,9,8,3,5,1,6,2,4,8,6,10,2,1,3
409,1,15,18,0.2777777778,23,2,5,5,2,6,3,2,10,4,1,4,7,8,10,2,8,7,2,6,8,10,10,5,2,
410,1,15,18,0.1666666667,27,2,8,8,1,5,1,7,10,8,5,8,1,1,8,10,1,8,2,2,4,4,5,1,1,2
411,1,15,18,0.05555555556,34,2,8,2,3,4,1,7,7,6,6,7,7,6,3,3,1,8,1,7,6,7,10,8,3,2
412,1,15,18,0.2222222222,27,2,1,1,1,5,2,7,10,10,10,5,8,8,0,7,3,8,6,5,5,8,8,4,4,3
413,1,15,18,0.05555555556,26,2,5,3,1,5,2,8,6,7,5,7,5,3,5,5,4,6,8,6,9,6,6,7,0,0
414,1,15,18,0.4444444444,29,2,2,10,6,1,1,7,10,5,9,5,0,0,5,5,0,8,7,0,0,0,1,2,0,2
415,1,15,18,0.05555555556,31,2,3,1,1,4,2,7,1,1,6,6,7,5,1,1,3,10,1,6,6,3,7,1,1,2
416,0,16,8,0.75,25,3,3,3,6,4,1,3,4,1,8,8,7,6,6,1,8,7,8,5,7,5,10,4,3,2
417,0,16,8,0.125,29,2,1,1,1,5,3,3,6,1,4,5,8,8,8,3,5,7,2,6,7,7,6,3,8,3
418,0,16,8,0,25,4,7,3,6,7,2,1,2,2,5,9,7,8,6,5,6,10,8,8,10,7,9,7,7,0
419,0,16,8,0.125,28,2,0,1,4,2,1,11,6,2,5,8,5,6,5,2,9,9,8,9,9,6,6,4,7,3
420,0,16,8,0.25,22,2,1,1,5,4,2,11,8,4,5,10,8,8,7,4,3,9,7,8,7,4,5,6,4,2
421,0,16,8,0.25,25,4,5,5,1,4,3,11,1,1,1,8,5,5,1,5,5,5,8,10,10,5,10,10,5,2
422,1,16,6,0.5,26,2,6,7,2,4,2,7,7,2,8,9,9,9,10,2,4,7,5,9,8,6,6,7,9,4
423,1,16,6,0.3333333333,30,2,1,1,2,4,1,7,9,2,9,8,7,7,7,6,5,9,5,5,8,7,5,5,4,3
424,1,16,6,0.3333333333,24,4,4,4,2,6,3,2,7,7,7,7,5,5,6,7,5,5,7,5,8,5,7,8,5,2
425,1,16,6,0,28,2,3,7,2,4,2,7,7,8,8,8,7,6,5,2,7,5,5,6,7,5,7,2,2,2
426,1,16,6,0.1666666667,24,2,4,7,2,2,1,13,7,2,7,8,6,4,3,2,6,5,3,7,6,6,6,4,2,2
427,1,16,6,0,28,2,1,1,1,7,3,15,10,1,10,8,7,7,9,1,3,8,1,4,5,7,10,1,10,0
428,1,16,6,0.3333333333,27,4,8,8,3,2,1,7,6,5,5,9,6,7,6,5,6,7,5,6,7,5,7,7,3,2
429,1,16,6,0.1666666667,27,2,1,1,2,2,2,7,7,8,8,9,8,8,8,6,7,9,8,8,8,8,8,7,6,3
430,0,17,14,0,22,4,3,10,1,6,2,2,10,10,10,6,3,2,4,2,4,4,8,9,9,8,8,5,4,0
431,0,17,14,0.1428571429,27,4,5,8,2,7,3,7,10,9,7,10,10,10,10,5,4,10,7,7,5,8,10,10,3,2
432,0,17,14,0.3571428571,28,2,1,1,4,6,3,11,2,2,2,10,10,10,7,1,6,6,4,9,8,8,7,5,5,5
433,0,17,14,0.1428571429,30,6,3,3,2,6,3,6,3,3,8,8,8,8,8,1,6,7,5,7,8,5,5,5,3,3
434,0,17,14,0.07142857143,27,2,2,2,1,4,2,15,4,2,9,6,3,3,3,2,7,2,6,2,2,4,7,8,4,1
435,0,17,14,0.2142857143,22,1,1,1,1,7,2,1,5,5,6,9,8,8,3,2,9,9,1,8,7,9,9,10,10,4
436,0,17,14,0.1428571429,23,2,9,1,1,6,1,1,8,5,9,10,8,7,8,5,1,9,10,8,10,6,10,10,4,4
437,0,17,14,0.2142857143,23,2,2,6,1,4,1,11,6,7,7,8,9,9,8,5,6,9,7,10,10,10,10,5,6,5
438,0,17,14,0.1428571429,23,2,1,5,1,4,1,11,3,1,8,9,5,5,8,4,7,6,5,7,9,10,9,8,3,10
439,0,17,14,0.2142857143,29,2,1,5,2,3,2,2,8,4,8,9,8,9,6,1,7,9,6,4,9,9,9,6,6,
440,1,17,11,0,21,2,8,2,1,7,2,1,10,10,10,10,7,7,7,3,1,3,5,5,10,8,10,8,5,2
441,1,17,11,0.1818181818,24,2,4,2,2,7,1,1,6,1,6,7,7,8,7,14,9,9,8,9,10,10,10,7,2,
442,1,17,11,0.3636363636,25,2,1,1,4,6,1,1,7,1,7,5,1,1,7,1,8,6,1,1,5,3,5,2,1,3
443,1,17,11,0,27,3,1,3,2,6,2,9,9,5,7,8,5,5,5,3,7,6,1,6,7,8,8,4,5,3
444,1,17,11,0,26,2,5,1,2,4,2,7,8,8,9,2,6,8,6,2,5,2,7,1,10,3,5,5,6,0
445,1,17,11,0.1818181818,30,2,1,1,2,5,2,9,9,6,8,8,5,3,9,5,9,10,5,4,10,8,9,5,1,
446,1,17,11,0.3636363636,28,3,2,2,1,4,3,7,9,2,9,8,8,7,6,3,6,6,5,6,6,5,8,3,3,3
447,1,17,11,0.09090909091,26,4,1,1,1,7,2,7,7,5,6,8,3,2,6,2,5,6,3,4,8,4,9,2,4,1
448,1,17,11,0.4545454545,22,2,1,1,1,2,1,7,3,2,4,9,8,9,3,5,9,7,3,6,7,6,10,6,5,4
449,1,17,11,0.1818181818,23,6,7,1,1,3,1,1,8,2,6,8,7,5,5,3,1,9,7,6,9,2,6,4,1,3
450,1,17,11,0.1818181818,25,2,3,7,2,6,2,9,7,3,9,9,9,9,9,9,3,5,7,9,10,9,10,5,10,2
451,1,17,11,0,30,4,3,1,2,3,3,7,3,3,2,4,4,3,3,4,3,6,7,5,7,7,8,6,6,1
452,1,17,11,0.09090909091,29,4,7,1,1,5,3,7,9,6,8,7,8,7,8,7,9,8,7,8,9,8,10,5,3,5
453,1,17,11,0.09090909091,27,4,4,3,2,6,5,1,6,3,5,6,6,5,6,5,3,6,6,4,7,6,5,4,1,2
454,0,18,6,0,27,2,3,3,2,7,3,2,5,8,5,9,9,9,7,1,4,9,4,9,9,8,8,4,9,1
455,0,18,6,0,24,4,5,5,1,6,2,2,3,5,3,10,10,7,7,1,8,10,4,8,9,8,9,9,7,2
456,0,18,6,0.1666666667,29,4,3,2,2,6,1,7,1,1,8,8,7,7,6,2,8,8,4,7,7,6,6,8,8,1
457,0,18,6,0,55,4,1,1,6,7,3,6,1,2,1,8,9,9,10,1,1,10,4,7,3,10,8,1,1,0
458,0,18,6,0.3333333333,29,4,9,8,1,4,1,7,9,1,6,10,8,6,9,3,6,9,7,8,8,4,1,10,9,5
459,0,18,6,0,26,4,6,1,1,5,3,7,1,3,1,9,8,9,1,1,6,4,6,8,8,8,8,8,1,0
460,1,18,6,0.1666666667,33,2,2,1,1,4,2,2,9,7,10,10,10,10,8,1,7,9,10,6,9,10,10,1,5,1
461,1,18,6,0,27,6,2,2,1,7,4,4,9,8,9,9,7,7,9,8,6,2,2,7,6,6,6,4,4,3
462,1,18,6,0.1666666667,33,4,1,5,4,6,6,2,8,7,5,2,6,6,1,2,7,3,8,5,7,6,9,2,2,3
463,1,18,6,0,23,4,3,2,2,7,1,10,5,4,7,5,4,3,3,5,4,5,4,4,4,4,7,3,1,0
464,1,18,6,0.1666666667,33,4,1,1,1,3,1,7,10,9,6,7,3,3,5,5,9,3,4,6,7,7,7,2,1,1
465,1,18,6,0,23,2,1,3,6,7,3,6,4,8,1,3,8,8,4,1,4,9,2,1,3,10,10,1,1,1
466,0,19,15,0,24,2,1,1,6,7,1,10,4,2,9,8,5,6,4,3,2,8,5,5,7,6,8,4,2,0
467,0,19,15,0.4666666667,24,2,7,4,6,2,1,7,8,4,9,9,9,9,8,5,8,9,8,9,9,9,9,9,9,4
468,0,19,15,0.2,25,6,5,2,1,6,3,2,8,3,7,7,7,8,8,2,6,8,7,5,9,9,9,7,6,2
469,0,19,15,0.3333333333,25,4,1,1,2,3,1,9,10,7,7,7,7,7,3,3,4,7,9,7,7,7,8,6,9,6
470,0,19,15,0.3333333333,29,4,1,1,1,4,2,4,1,1,1,10,10,10,2,1,3,10,5,10,10,6,6,10,1,4
471,0,19,15,0.06666666667,30,4,8,8,2,5,3,4,3,4,6,10,7,7,5,2,9,7,8,6,8,6,6,10,4,2
472,0,19,15,0.1333333333,25,3,1,3,2,4,2,5,10,6,7,9,9,8,9,1,7,8,1,10,10,10,10,5,9,12
473,0,19,15,0.06666666667,34,4,1,1,2,6,4,2,7,5,5,8,8,8,8,6,6,9,8,8,9,9,9,7,7,3
474,0,19,15,0.2666666667,30,1,1,1,1,6,5,2,10,2,10,10,7,7,9,2,9,8,1,4,3,7,10,6,9,6
475,0,19,15,0.1333333333,27,3,1,2,1,6,2,9,1,1,6,10,6,5,2,0,5,4,4,9,8,3,5,6,9,
476,0,19,15,0.1333333333,25,2,1,3,5,5,2,9,4,1,7,9,5,5,4,1,7,3,3,3,3,3,7,6,3,2
477,0,19,15,0,27,3,5,7,1,4,2,5,9,6,7,8,6,8,8,4,7,7,4,7,8,7,7,6,4,3
478,0,19,15,0.1333333333,26,2,4,4,1,4,1,7,9,7,9,7,7,9,9,3,3,8,4,7,9,8,9,4,6,
479,0,19,15,0,27,2,3,3,1,4,3,7,10,7,10,9,8,7,9,1,7,5,4,7,7,7,7,7,7,2
480,0,19,15,0.2,26,2,4,6,1,4,1,5,7,1,8,9,9,9,3,1,6,10,3,3,4,4,4,5,7,6
481,1,19,15,0.06666666667,23,2,8,1,2,3,2,2,3,3,7,9,8,7,1,2,5,8,2,7,10,10,10,6,1,4
482,1,19,15,0.2666666667,30,2,2,6,2,6,1,7,9,7,5,9,6,5,8,2,5,9,6,7,7,2,4,4,3,3
483,1,19,15,0,28,2,1,1,6,3,1,2,10,1,10,10,10,10,5,1,1,10,5,10,10,10,10,10,5,3
484,1,19,15,0.1333333333,31,4,1,1,1,6,4,15,7,3,5,9,9,9,9,3,7,9,1,9,9,9,9,2,7,1
485,1,19,15,0.1333333333,29,1,4,3,2,6,2,2,6,10,9,7,7,7,4,6,6,9,8,8,8,7,8,7,4,8
486,1,19,15,0.06666666667,32,3,1,1,3,6,2,4,7,1,3,10,8,6,4,1,9,8,1,7,10,5,8,2,2,1
487,1,19,15,0,24,4,1,1,1,5,3,2,4,4,2,8,5,3,2,5,2,7,8,5,9,6,10,6,2,2
488,1,19,15,0.1333333333,29,4,1,1,3,2,3,7,3,3,3,9,5,1,1,1,8,8,8,8,8,8,8,8,3,4
489,1,19,15,0.5333333333,28,2,6,5,3,2,1,7,7,7,7,9,9,9,6,9,9,6,6,9,9,9,7,6,5,
490,1,19,15,0.06666666667,29,2,6,1,2,6,3,6,3,1,2,7,7,7,6,2,5,9,9,8,10,9,8,7,4,3
491,1,19,15,0.2666666667,29,3,3,3,2,4,1,7,9,2,9,9,9,8,9,7,9,8,2,7,8,8,9,9,6,3
492,1,19,15,0.4666666667,30,6,1,1,2,4,2,2,10,10,10,10,10,10,10,2,4,10,7,5,5,2,5,10,10,3
493,1,19,15,0.06666666667,20,4,1,1,5,6,5,13,10,10,7,7,4,4,3,3,6,7,10,8,8,7,7,10,6,1
494,1,19,15,0.1333333333,30,2,2,8,4,3,3,6,8,10,4,10,10,10,1,1,4,8,6,9,10,7,8,9,10,
495,1,19,15,0.1333333333,32,6,5,6,2,2,1,6,7,5,6,7,5,6,7,7,6,5,6,7,7,6,5,5,6,4
496,0,20,7,0.1428571429,23,4,1,1,1,5,2,2,8,1,8,7,7,7,8,1,1,7,3,3,3,5,5,5,5,3
497,0,20,7,0,24,2,5,5,1,7,1,2,7,5,1,8,7,6,7,3,1,7,8,6,9,9,8,8,7,0
498,0,20,7,0,25,2,9,9,1,4,1,2,3,1,5,7,3,3,6,6,9,8,9,6,8,8,8,3,1,0
499,0,20,7,0.2857142857,26,2,1,9,5,4,1,2,1,1,1,9,9,9,2,1,8,9,6,8,10,10,10,5,1,2
500,0,20,7,0.1428571429,25,1,7,9,1,5,3,2,4,2,6,7,7,7,2,2,7,8,5,7,8,8,8,6,5,1
501,0,20,7,0.1428571429,26,2,7,4,5,4,3,2,5,4,8,8,9,9,6,1,3,9,7,9,9,9,10,7,6,1
502,1,20,6,0,26,4,1,1,1,3,2,7,8,8,9,6,5,5,10,9,8,7,8,6,9,5,8,3,4,6
503,1,20,6,0,25,2,1,5,5,6,5,2,2,4,4,8,8,8,7,5,2,6,5,7,8,9,9,7,7,2
504,1,20,6,0.3333333333,23,2,1,1,2,5,2,7,1,1,2,4,4,4,8,1,3,6,1,5,6,7,7,3,1,3
505,1,20,6,0.1666666667,27,4,1,1,3,4,1,6,10,6,10,5,10,10,9,7,1,10,10,10,10,10,10,10,10,2
506,1,20,6,0,24,4,5,5,1,7,2,7,6,4,6,7,7,7,8,2,4,9,2,5,5,5,5,2,1,2
507,1,20,6,0.1666666667,24,4,1,1,5,7,3,2,10,9,10,9,9,8,7,4,5,8,5,7,6,6,8,3,2,0
508,1,20,6,0.1666666667,36,4,1,5,3,5,1,10,10,4,7,6,4,4,4,9,7,10,3,5,4,7,10,4,8,3
509,0,21,22,0.2727272727,28,4,2,2,2,4,2,16,6,3,6,7,7,7,3,3,4,6,4,4,8,5,7,7,7,0
510,0,21,22,0.3181818182,26,3,3,3,2,7,2,2,8,1,4,10,8,7,10,5,7,9,1,3,9,7,5,1,7,5
511,0,21,22,0.1818181818,23,4,2,2,2,7,3,7,6,5,5,7,8,10,10,3,9,8,5,8,9,9,10,7,8,10
512,0,21,22,0.04545454545,26,2,1,1,1,3,2,6,1,1,1,8,9,10,8,0,9,9,6,10,9,7,10,5,5,
513,0,21,22,0.2727272727,23,2,1,1,2,6,4,6,1,1,9,9,9,9,1,0,8,9,8,9,10,6,8,6,6,2
514,0,21,22,0,23,2,8,9,2,4,3,2,5,3,7,7,8,10,2,2,1,8,6,10,8,9,10,6,7,5
515,0,21,22,0.09090909091,23,2,8,5,1,6,3,16,10,10,8,9,9,8,10,3,8,9,8,9,10,7,10,5,9,1
516,0,21,22,0.2727272727,27,4,9,3,2,6,3,2,3,3,6,10,9,9,5,5,8,9,6,9,4,9,9,9,3,4
517,0,21,22,0,30,3,1,1,5,5,3,6,2,1,9,9,6,8,4,1,2,9,3,10,8,4,4,3,9,
518,0,21,22,0.2727272727,23,2,2,1,5,7,2,6,4,2,5,8,6,7,5,5,9,9,8,8,8,6,8,9,4,2
519,0,21,22,0,26,2,8,9,2,4,2,13,9,5,9,5,8,7,7,2,3,9,4,7,8,7,8,2,2,1
520,0,21,22,0,28,6,2,1,1,7,1,9,4,6,8,8,10,8,5,2,9,10,8,9,8,5,5,8,2,4
521,0,21,22,0.3181818182,26,2,3,1,1,3,1,9,7,7,8,8,8,8,10,7,5,8,6,7,8,8,8,6,6,4
522,0,21,22,0.2272727273,22,2,3,6,1,6,2,1,6,6,6,7,8,9,3,3,7,9,8,10,10,7,7,5,3,4
523,0,21,22,0.09090909091,27,4,3,2,2,4,3,10,8,1,5,9,4,3,6,7,8,13,5,2,7,8,9,3,1,
524,0,21,22,0.6363636364,25,4,9,6,2,7,4,4,4,1,7,9,8,8,6,3,8,7,7,8,8,5,5,7,5,3
525,0,21,22,0,24,2,2,8,2,4,1,3,6,2,8,6,5,5,3,2,1,8,8,9,10,7,8,8,1,3
526,0,21,22,0.09090909091,26,3,5,2,1,5,3,11,2,1,3,10,10,7,6,5,10,8,4,10,8,6,8,4,10,2
527,0,21,22,0,24,6,5,5,1,4,3,11,5,5,1,8,7,7,6,2,7,6,6,8,7,8,8,7,6,0
528,0,21,22,0,29,3,8,7,2,6,1,11,5,8,4,2,2,2,8,6,2,2,2,3,7,3,3,2,2,2
529,0,21,22,0.09090909091,22,4,4,1,2,4,1,5,7,4,6,10,8,8,8,6,5,5,5,8,8,8,8,4,4,4
530,0,21,22,0.09090909091,22,4,1,1,2,7,3,10,7,10,5,6,3,8,6,7,6,3,5,8,10,9,10,6,3,6
531,1,21,22,0.09090909091,25,4,5,1,2,7,2,2,10,10,6,6,10,10,10,6,6,6,10,10,10,8,10,1,6,2
532,1,21,22,0.1363636364,26,4,8,3,1,2,2,5,7,8,6,8,6,4,4,8,6,9,7,6,8,6,7,5,2,2
533,1,21,22,0.09090909091,26,2,1,1,2,6,2,2,7,3,5,7,5,5,7,2,5,3,1,5,7,6,7,2,2,3
534,1,21,22,0.2727272727,24,6,1,1,3,5,6,5,7,9,3,9,9,8,6,7,7,7,3,6,7,8,7,4,1,3
535,1,21,22,0.3636363636,23,2,5,6,1,5,3,2,4,3,4,7,7,6,2,8,8,8,6,6,9,8,9,5,6,8
536,1,21,22,0.09090909091,29,2,1,1,1,5,2,7,7,3,5,8,7,7,3,2,7,8,6,4,9,7,9,7,1,3
537,1,21,22,0.09090909091,22,4,7,1,1,5,1,1,6,6,7,10,8,8,3,3,6,10,8,10,10,10,10,10,1,2
538,1,21,22,0.1818181818,32,2,1,1,1,4,2,7,8,2,8,8,8,8,8,8,6,8,5,4,6,3,6,6,6,4
539,1,21,22,0.09090909091,22,2,6,6,1,4,1,1,8,9,8,9,9,9,4,6,8,8,6,7,9,7,7,7,6,6
540,1,21,22,0.04545454545,24,2,5,1,1,7,4,2,6,4,4,5,7,8,8,9,6,7,4,9,9,9,9,6,3,2
541,1,21,22,0.04545454545,23,4,2,2,3,7,3,7,10,10,7,8,3,5,4,3,8,3,10,5,10,10,9,9,3,1
542,1,21,22,0.1363636364,23,4,7,1,2,5,3,7,4,7,6,10,9,8,1,8,8,9,8,8,9,9,8,9,6,4
543,1,21,22,0,24,4,9,6,1,7,2,5,8,8,5,8,8,5,5,9,8,8,8,6,8,8,8,8,3,1
544,1,21,22,0.1363636364,23,4,3,8,1,7,3,4,3,4,3,10,7,8,5,14,9,2,10,7,8,8,9,10,3,0
545,1,21,22,0.09090909091,24,2,7,1,1,7,2,4,10,2,2,5,5,4,7,5,4,7,4,3,4,5,5,2,1,
546,1,21,22,0.2727272727,30,2,3,4,2,4,1,7,10,5,8,10,4,3,5,1,1,2,4,3,6,3,9,10,6,9
547,1,21,22,0.1363636364,30,2,1,1,2,3,1,7,9,6,9,7,8,8,2,2,8,9,4,9,8,9,9,6,5,2
548,1,21,22,0.2272727273,30,2,8,8,1,6,1,7,10,8,4,10,3,2,2,5,1,9,6,4,6,7,10,4,1,5
549,1,21,22,0.2272727273,28,2,2,3,1,7,1,7,8,5,6,9,7,7,4,8,8,7,7,8,8,10,10,8,2,3
550,1,21,22,0.1818181818,30,2,5,6,2,4,1,7,5,3,5,9,7,8,3,3,8,8,3,7,7,4,6,6,3,6
551,1,21,22,0.09090909091,27,1,2,1,1,6,3,7,6,1,7,6,7,3,2,1,7,10,2,5,6,7,7,7,1,3
552,1,21,22,0.2272727273,25,2,1,1,1,2,1,15,8,2,5,10,10,10,7,1,9,8,3,7,9,10,10,7,3,3
8,0,1,10,0.8,25,2,1,1,1,5,1,6,2,2,1,10,9,9,3,2,10,8,10,9,9,6,6,8,6,
9,0,1,10,0.7,26,6,1,1,1,4,1,9,4,3,1,8,6,7,2,2,10,8,8,10,10,9,9,8,3,1
14,1,1,10,0.8,23,2,1,1,2,4,1,1,10,6,8,8,3,3,10,8,8,6,7,3,10,6,8,6,1,
19,1,1,10,0.9,28,2,1,1,4,1,1,7,10,10,10,10,5,5,6,7,9,8,1,1,7,7,7,7,10,
107,1,4,18,0.6111111111,21,2,1,1,1,4,1,2,7,2,4,7,6,7,8,1,7,7,1,5,7,9,9,1,10,
112,0,5,10,0.6,20,6,1,1,1,3,1,11,8,3,8,5,7,8,8,8,9,9,3,8,8,9,10,4,6,8
119,0,5,10,0.5,19,3,5,2,1,3,1,1,8,5,8,9,9,9,5,8,10,9,5,10,9,10,10,7,8,5
125,1,5,10,0.7,21,2,3,1,1,3,1,4,3,1,9,10,9,10,1,1,10,9,2,9,9,9,9,10,7,6
128,1,5,10,0.6,21,2,3,1,1,3,2,5,8,7,7,6,4,4,8,7,3,5,3,4,8,10,10,2,2,7
181,0,8,10,0.5,22,1,7,8,1,5,5,2,3,6,5,9,9,9,6,3,9,9,9,9,9,9,9,9,6,2
208,0,9,20,0.55,25,1,2,1,2,4,3,7,9,7,7,9,10,10,10,5,8,8,5,7,9,10,10,9,8,
250,1,10,9,0.5555555556,25,6,1,1,4,2,1,2,7,2,8,10,10,10,6,1,2,10,1,9,9,10,10,6,5,5
366,1,14,20,0.5,27,2,4,6,1,4,1,6,6,6,4,8,9,9,7,6,8,9,4,6,7,10,10,8,6,5
404,1,15,18,0.5,23,2,1,4,2,5,2,7,10,5,8,10,8,8,9,7,9,8,4,5,8,7,8,6,3,6
416,0,16,8,0.75,25,3,3,3,6,4,1,3,4,1,8,8,7,6,6,1,8,7,8,5,7,5,10,4,3,2
422,1,16,6,0.5,26,2,6,7,2,4,2,7,7,2,8,9,9,9,10,2,4,7,5,9,8,6,6,7,9,4
8,0,1,10,0.8,25,2,1,1,1,5,1,6,2,2,1,10,9,9,3,2,10,8,10,9,9,6,6,8,6,
9,0,1,10,0.7,26,6,1,1,1,4,1,9,4,3,1,8,6,7,2,2,10,8,8,10,10,9,9,8,3,1
14,1,1,10,0.8,23,2,1,1,2,4,1,1,10,6,8,8,3,3,10,8,8,6,7,3,10,6,8,6,1,
19,1,1,10,0.9,28,2,1,1,4,1,1,7,10,10,10,10,5,5,6,7,9,8,1,1,7,7,7,7,10,
107,1,4,18,0.6111111111,21,2,1,1,1,4,1,2,7,2,4,7,6,7,8,1,7,7,1,5,7,9,9,1,10,
112,0,5,10,0.6,20,6,1,1,1,3,1,11,8,3,8,5,7,8,8,8,9,9,3,8,8,9,10,4,6,8
119,0,5,10,0.5,19,3,5,2,1,3,1,1,8,5,8,9,9,9,5,8,10,9,5,10,9,10,10,7,8,5
125,1,5,10,0.7,21,2,3,1,1,3,1,4,3,1,9,10,9,10,1,1,10,9,2,9,9,9,9,10,7,6
128,1,5,10,0.6,21,2,3,1,1,3,2,5,8,7,7,6,4,4,8,7,3,5,3,4,8,10,10,2,2,7
181,0,8,10,0.5,22,1,7,8,1,5,5,2,3,6,5,9,9,9,6,3,9,9,9,9,9,9,9,9,6,2
208,0,9,20,0.55,25,1,2,1,2,4,3,7,9,7,7,9,10,10,10,5,8,8,5,7,9,10,10,9,8,
250,1,10,9,0.5555555556,25,6,1,1,4,2,1,2,7,2,8,10,10,10,6,1,2,10,1,9,9,10,10,6,5,5
366,1,14,20,0.5,27,2,4,6,1,4,1,6,6,6,4,8,9,9,7,6,8,9,4,6,7,10,10,8,6,5
404,1,15,18,0.5,23,2,1,4,2,5,2,7,10,5,8,10,8,8,9,7,9,8,4,5,8,7,8,6,3,6
416,0,16,8,0.75,25,3,3,3,6,4,1,3,4,1,8,8,7,6,6,1,8,7,8,5,7,5,10,4,3,2
422,1,16,6,0.5,26,2,6,7,2,4,2,7,7,2,8,9,9,9,10,2,4,7,5,9,8,6,6,7,9,4
8,0,1,10,0.8,25,2,1,1,1,5,1,6,2,2,1,10,9,9,3,2,10,8,10,9,9,6,6,8,6,
9,0,1,10,0.7,26,6,1,1,1,4,1,9,4,3,1,8,6,7,2,2,10,8,8,10,10,9,9,8,3,1
14,1,1,10,0.8,23,2,1,1,2,4,1,1,10,6,8,8,3,3,10,8,8,6,7,3,10,6,8,6,1,
19,1,1,10,0.9,28,2,1,1,4,1,1,7,10,10,10,10,5,5,6,7,9,8,1,1,7,7,7,7,10,
107,1,4,18,0.6111111111,21,2,1,1,1,4,1,2,7,2,4,7,6,7,8,1,7,7,1,5,7,9,9,1,10,
112,0,5,10,0.6,20,6,1,1,1,3,1,11,8,3,8,5,7,8,8,8,9,9,3,8,8,9,10,4,6,8
119,0,5,10,0.5,19,3,5,2,1,3,1,1,8,5,8,9,9,9,5,8,10,9,5,10,9,10,10,7,8,5
125,1,5,10,0.7,21,2,3,1,1,3,1,4,3,1,9,10,9,10,1,1,10,9,2,9,9,9,9,10,7,6
128,1,5,10,0.6,21,2,3,1,1,3,2,5,8,7,7,6,4,4,8,7,3,5,3,4,8,10,10,2,2,7
181,0,8,10,0.5,22,1,7,8,1,5,5,2,3,6,5,9,9,9,6,3,9,9,9,9,9,9,9,9,6,2
208,0,9,20,0.55,25,1,2,1,2,4,3,7,9,7,7,9,10,10,10,5,8,8,5,7,9,10,10,9,8,
250,1,10,9,0.5555555556,25,6,1,1,4,2,1,2,7,2,8,10,10,10,6,1,2,10,1,9,9,10,10,6,5,5
366,1,14,20,0.5,27,2,4,6,1,4,1,6,6,6,4,8,9,9,7,6,8,9,4,6,7,10,10,8,6,5
404,1,15,18,0.5,23,2,1,4,2,5,2,7,10,5,8,10,8,8,9,7,9,8,4,5,8,7,8,6,3,6
416,0,16,8,0.75,25,3,3,3,6,4,1,3,4,1,8,8,7,6,6,1,8,7,8,5,7,5,10,4,3,2
422,1,16,6,0.5,26,2,6,7,2,4,2,7,7,2,8,9,9,9,10,2,4,7,5,9,8,6,6,7,9,4